pid,process_name,has_ui,runtime_seconds,cmdline
188,UNKNOWN,NO,840437,
480,msedgewebview2.exe,NO,5055,"C:\Program Files (x86)\Microsoft\EdgeWebView\Application\143.0.3650.96\msedgewebview2.exe --type=renderer --noerrdialogs --user-data-dir=C:\Users\amrit\AppData\Local\Packages\MSTeams_8wekyb3d8bbwe\LocalCache\Microsoft\MSTeams\EBWebView --webview-exe-name=ms-teams.exe --webview-exe-version=25332.1210.4188.1171 --embedded-browser-webview=1 --embedded-browser-webview-dpi-awareness=2 --dma-cps-flags=0 --no-pre-read-main-dll --autoplay-policy=no-user-gesture-required --disable-background-timer-throttling --enable-blink-features=IndexedDbGetAllRecords --video-capture-use-gpu-memory-buffer --lang=en-GB --device-scale-factor=1.25 --num-raster-threads=4 --enable-main-frame-before-activation --renderer-client-id=6 --js-flags=--stack-trace-limit=50 --expose-gc --ms-user-locale=en-IN --time-ticks-at-unix-epoch=-1766156539191930 --launch-time-ticks=835458077635 --skip-read-main-dll --metrics-shmem-handle=4596,i,5912036095521084621,10434520395860505162,2097152 --field-trial-handle=1808,i,10620068729897042011,17580638071235237271,262144 --enable-features=AutofillReplaceCachedWebElementsByRendererIds,DocumentPolicyIncludeJSCallStacksInCrashReports,PartitionedCookies,PreferredAudioOutputDevices,SharedArrayBuffer,ThirdPartyStoragePartitioning,msAbydos,msAbydosGestureSupport,msAbydosHandwritingAttr,msSingleSignOnOSForPrimaryAccountIsShared,msWebView2EnableDraggableRegions,msWebView2SetUserAgentOverrideOnIframes,msWebView2TerminateServiceWorkerWhenIdleIgnoringCdpSessions,msWebView2TextureStream --disable-features=BlockCrossPartitionBlobUrlFetching,BreakoutBoxPreferCaptureTimestampInVideoFrames,msEnhancedTrackingPreventionEnabled,msWebOOUI --variations-seed-version --trace-process-track-uuid=3190708991934122588 --mojo-platform-channel-handle=4272 /pfhostedapp:97e8ee9e1184160aacc89282a9161860414555f2 /prefetch:1"
496,ms-teams.exe,NO,5057,C:\Program Files\WindowsApps\MSTeams_25332.1210.4188.1171_x64__8wekyb3d8bbwe\ms-teams.exe
1340,msedgewebview2.exe,NO,14176,"C:\Program Files (x86)\Microsoft\EdgeWebView\Application\143.0.3650.96\msedgewebview2.exe --type=crashpad-handler --user-data-dir=C:\Users\amrit\AppData\Local\Packages\MicrosoftWindows.Client.WebExperience_cw5n1h2txyewy\LocalState\EBWebView /prefetch:4 /pfhostedapp:2bcbf2f32a07b68bae1a2519007a858095f78c5c --monitor-self-annotation=ptype=crashpad-handler --database=C:\Users\amrit\AppData\Local\Packages\MicrosoftWindows.Client.WebExperience_cw5n1h2txyewy\LocalState\EBWebView\Crashpad --metrics-dir=C:\Users\amrit\AppData\Local\Packages\MicrosoftWindows.Client.WebExperience_cw5n1h2txyewy\LocalState\EBWebView --annotation=IsOfficialBuild=1 --annotation=channel= --annotation=chromium-version=143.0.7499.147 --annotation=exe=C:\Program Files (x86)\Microsoft\EdgeWebView\Application\143.0.3650.96\msedgewebview2.exe --annotation=plat=Win64 --annotation=prod=Edge WebView2 --annotation=ver=143.0.3650.96 --initial-client-data=0x174,0x178,0x17c,0x150,0x184,0x7ffd776662b8,0x7ffd776662c4,0x7ffd776662d0"
1364,LsaIso.exe,NO,840422,
1428,WUDFHost.exe,NO,840421,
1536,WUDFHost.exe,NO,840422,
1556,fontdrvhost.exe,NO,840422,
1732,WUDFHost.exe,NO,840422,
1788,WUDFHost.exe,NO,840422,
1948,WUDFHost.exe,NO,840422,
2004,Microsoft.CmdPal.UI.exe,NO,14230,C:\Program Files\WindowsApps\Microsoft.CommandPalette_0.2.1.0_x64__8wekyb3d8bbwe\Microsoft.CmdPal.UI.exe x-cmdpal://background/
2172,ApplicationFrameHost.exe,YES,14200,C:\WINDOWS\system32\ApplicationFrameHost.exe -Embedding
2492,IntelCpHDCPSvc.exe,NO,840421,
2644,RuntimeBroker.exe,NO,5056,C:\Windows\System32\RuntimeBroker.exe -Embedding
2808,winlogon.exe,NO,50188,
2828,McCHSvc.exe,NO,835849,
2836,msedgewebview2.exe,NO,14237,"C:\Program Files (x86)\Microsoft\EdgeWebView\Application\143.0.3650.96\msedgewebview2.exe --type=crashpad-handler --user-data-dir=C:\Users\amrit\AppData\Local\Packages\MicrosoftWindows.Client.CBS_cw5n1h2txyewy\LocalState\EBWebView /prefetch:4 /pfhostedapp:2231bba5f24984b1dc6297f1c147235bd88ecd3c --monitor-self-annotation=ptype=crashpad-handler --database=C:\Users\amrit\AppData\Local\Packages\MicrosoftWindows.Client.CBS_cw5n1h2txyewy\LocalState\EBWebView\Crashpad --metrics-dir=C:\Users\amrit\AppData\Local\Packages\MicrosoftWindows.Client.CBS_cw5n1h2txyewy\LocalState\EBWebView --annotation=IsOfficialBuild=1 --annotation=channel= --annotation=chromium-version=143.0.7499.147 --annotation=exe=C:\Program Files (x86)\Microsoft\EdgeWebView\Application\143.0.3650.96\msedgewebview2.exe --annotation=plat=Win64 --annotation=prod=Edge WebView2 --annotation=ver=143.0.3650.96 --initial-client-data=0x174,0x178,0x17c,0x150,0x184,0x7ffd776662b8,0x7ffd776662c4,0x7ffd776662d0"
2860,UserOOBEBroker.exe,NO,13795,C:\Windows\System32\oobe\UserOOBEBroker.exe -Embedding
3104,AdobeCollabSync.exe,NO,14178,C:\Program Files\Adobe\Acrobat DC\Acrobat\AdobeCollabSync.exe
3164,msedgewebview2.exe,NO,14117,"C:\Program Files (x86)\Microsoft\EdgeWebView\Application\143.0.3650.96\msedgewebview2.exe --type=utility --utility-sub-type=storage.mojom.StorageService --lang=en-US --service-sandbox-type=service --noerrdialogs --user-data-dir=C:\Users\amrit\AppData\Local\Packages\5319275A.WhatsAppDesktop_cv1g1gvanyjgm\LocalCache\EBWebView --webview-exe-name=WhatsApp.Root.exe --webview-exe-version=1.0.0 --embedded-browser-webview=1 --no-pre-read-main-dll --startup-read-main-dll --metrics-shmem-handle=2344,i,17725236818345968062,5555152786635927134,524288 --field-trial-handle=1840,i,16185872285128811691,15803420329604956723,262144 --variations-seed-version --trace-process-track-uuid=3190708990060038890 --mojo-platform-channel-handle=2336 /prefetch:13 /pfhostedapp:5061d277ac23809ef3dc19f510638a18e75f2eb2"
3276,Code.exe,NO,5833,"C:\Users\amrit\AppData\Local\Programs\Microsoft VS Code\Code.exe --type=utility --utility-sub-type=node.mojom.NodeService --lang=en-US --service-sandbox-type=none --video-capture-use-gpu-memory-buffer --user-data-dir=C:\Users\amrit\AppData\Roaming\Code --standard-schemes=vscode-webview,vscode-file --enable-sandbox --secure-schemes=vscode-webview,vscode-file --cors-schemes=vscode-webview,vscode-file --fetch-schemes=vscode-webview,vscode-file --service-worker-schemes=vscode-webview --code-cache-schemes=vscode-webview,vscode-file --field-trial-handle=1732,i,1584880606869840513,11434363106891365890,262144 --enable-features=DocumentPolicyIncludeJSCallStacksInCrashReports,EarlyEstablishGpuChannel,EnableTransparentHwndEnlargement,EstablishGpuChannelAsync --disable-features=CalculateNativeWinOcclusion,LocalNetworkAccessChecks,ScreenAIOCREnabled,SpareRendererForSitePerProcess,TraceSiteInstanceGetProcessCreation --variations-seed-version --trace-process-track-uuid=3190708990997080739 --mojo-platform-channel-handle=3720 /prefetch:14"
3296,NVDisplay.Container.exe,NO,840421,
3420,msedgewebview2.exe,NO,5055,"C:\Program Files (x86)\Microsoft\EdgeWebView\Application\143.0.3650.96\msedgewebview2.exe --embedded-browser-webview=1 --webview-exe-name=ms-teams.exe --webview-exe-version=25332.1210.4188.1171 --user-data-dir=C:\Users\amrit\AppData\Local\Packages\MSTeams_8wekyb3d8bbwe\LocalCache\Microsoft\MSTeams\EBWebView --noerrdialogs --embedded-browser-webview-dpi-awareness=2 --autoplay-policy=no-user-gesture-required --disable-background-timer-throttling --disable-features=msEnhancedTrackingPreventionEnabled,BreakoutBoxPreferCaptureTimestampInVideoFrames,BlockCrossPartitionBlobUrlFetching,msWebOOUI --enable-blink-features=IndexedDbGetAllRecords --enable-features=msSingleSignOnOSForPrimaryAccountIsShared,SharedArrayBuffer,AutofillReplaceCachedWebElementsByRendererIds,msWebView2TerminateServiceWorkerWhenIdleIgnoringCdpSessions,msWebView2SetUserAgentOverrideOnIframes,PreferredAudioOutputDevices,DocumentPolicyIncludeJSCallStacksInCrashReports,RendererHangWatcher:delay/13s,UnresponsiveMultipleStackCollection:delay/100/count/5,PartitionedCookies,ThirdPartyStoragePartitioning,msWebView2TextureStream,msWebView2EnableDraggableRegions,msAbydos,msAbydosHandwritingAttr,msAbydosGestureSupport --gpu-watchdog-timeout-seconds=60 --isolate-origins=https://[*.]microsoft.com,https://[*.]sharepoint.com,https://[*.]sharepointonline.com,https://mesh-hearts-teams.azurewebsites.net,https://[*.]meshxp.net,https://res-sdf.cdn.office.net,https://res.cdn.office.net,https://copilot.teams.cloud.microsoft,https://local.copilot.teams.office.com --js-flags=--stack-trace-limit=50 --lang=en-IN --mojo-named-platform-channel-pipe=496.7980.3805066502723794116 /pfhostedapp:97e8ee9e1184160aacc89282a9161860414555f2"
3560,RuntimeBroker.exe,NO,13935,C:\Windows\System32\RuntimeBroker.exe -Embedding
3624,MemCompression,NO,840421,
3632,SearchHost.exe,NO,14238,C:\WINDOWS\SystemApps\MicrosoftWindows.Client.CBS_cw5n1h2txyewy\SearchHost.exe -ServerName:CortanaUIFullTrustApp.AppXqe55xpfenh3k6gvsbjaqb6bkfgy5pkbf.mca
4564,Code.exe,YES,5834,C:\Users\amrit\AppData\Local\Programs\Microsoft VS Code\Code.exe
4704,spoolsv.exe,NO,840421,
5224,powershell.exe,NO,97,"C:\WINDOWS\System32\WindowsPowerShell\v1.0\powershell.exe -noexit -command try { . ""c:\Users\amrit\AppData\Local\Programs\Microsoft VS Code\resources\app\out\vs\workbench\contrib\terminal\common\scripts\shellIntegration.ps1"" } catch {}"
5304,ipf_uf.exe,NO,840420,
5328,AISControlService.exe,NO,840420,
5412,armsvc.exe,NO,840420,
5420,Lenovo.Modern.ImController.exe,NO,840420,
5488,XtuService.exe,NO,840420,
5508,ipfsvc.exe,NO,840420,
5536,python3.11.exe,NO,3,C:\Users\amrit\AppData\Local\Microsoft\WindowsApps\PythonSoftwareFoundation.Python.3.11_qbz5n2kfra8p0\python.exe .\NETWORK_MONITOR.py
5544,NahimicService.exe,NO,840420,
5604,LenovoVantageService.exe,NO,840420,
5612,servicehost.exe,NO,840420,
5620,nvcontainer.exe,NO,840420,
5628,IntelAudioService.exe,NO,840420,
5636,UDClientService.exe,NO,840420,
5684,MsMpEng.exe,NO,840420,
5692,LenovoUtilityService.exe,NO,840420,
5700,wslservice.exe,NO,840420,
5724,MpDefenderCoreService.exe,NO,840420,
5752,jhi_service.exe,NO,840420,
5768,WMIRegistrationService.exe,NO,840420,
5824,RtkAudUService64.exe,NO,840420,
6064,mysqld.exe,NO,840420,
6456,PowerToys.ColorPickerUI.exe,NO,14230,C:\Users\amrit\AppData\Local\PowerToys\PowerToys.ColorPickerUI.exe 6924
6924,PowerToys.exe,NO,14238,C:\Users\amrit\AppData\Local\PowerToys\PowerToys.exe
7224,SEGameTool.exe,NO,13932,C:\ProgramData\Lenovo\Vantage\Addins\SmartColorAddin\1.0.4.193\x64\SEGameTool.exe
7280,AppProvisioningPlugin.exe,NO,840349,
7388,conhost.exe,NO,355761,
7532,mysqld.exe,NO,840420,
7608,conhost.exe,NO,840420,
7616,itype.exe,NO,14241,c:\Program Files\Microsoft Mouse and Keyboard Center\itype.exe
7652,backgroundTaskHost.exe,NO,13935,C:\WINDOWS\system32\backgroundTaskHost.exe -ServerName:App.AppX21scdfkavv3n5qjke49d7zqn0x9dj5nq.mca
7756,ShellHost.exe,NO,3521,C:\Windows\System32\ShellHost.exe
7772,WmiPrvSE.exe,NO,840420,
7812,SpotifyWidgetProvider.exe,NO,13946,C:\Program Files\WindowsApps\SpotifyAB.SpotifyMusic_1.279.427.0_x64__zpdnekdrzrea0\SpotifyWidgetProvider.exe -Embedding
7868,backgroundTaskHost.exe,NO,13033,C:\WINDOWS\system32\backgroundTaskHost.exe -ServerName:App.AppXapskvk16gk8da8kch5g4qxh42vxccved.mca
8468,pet.exe,NO,5830,c:\Users\amrit\.vscode\extensions\ms-python.python-2025.20.1-win32-x64\python-env-tools\bin\pet.exe server
8808,unsecapp.exe,NO,840419,
8920,Locator.exe,NO,840060,
8940,Nahimic3.exe,YES,14200,C:\Program Files\WindowsApps\A-Volute.Nahimic_1.10.7.0_x64__w2gh52qy24etm\Nahimic3.exe -ServerName:App.AppX9dn24zf64ax1mwzee7t1s1qcsx8vqbm4.mca
9048,OfficeClickToRun.exe,NO,532589,
9100,NgcIso.exe,NO,840419,
9528,audiodg.exe,NO,13795,C:\WINDOWS\system32\AUDIODG.EXE 0x0000000000000598
9740,python.exe,NO,0,D:\KEYLOGGER DETECTION\venv\Scripts\python.exe .\PROCESS_MONITOR.py
9900,msedgewebview2.exe,NO,14237,"C:\Program Files (x86)\Microsoft\EdgeWebView\Application\143.0.3650.96\msedgewebview2.exe --type=gpu-process --noerrdialogs --user-agent=Mozilla/5.0 (Windows NT 10.0; Win64; x64; Cortana 1.18.9.23723; 10.0.0.0.26200.7462) AppleWebKit/537.36 (KHTML, like Gecko) Chrome/70.0.3538.102 Safari/537.36 Edge/18.26200 IsWebView2/True (WebView2Version 143.0.3650.96) --user-data-dir=C:\Users\amrit\AppData\Local\Packages\MicrosoftWindows.Client.CBS_cw5n1h2txyewy\LocalState\EBWebView --webview-exe-name=SearchHost.exe --webview-exe-version=2125.30600.0.0 --embedded-browser-webview=1 --no-pre-read-main-dll --gpu-preferences=SAAAAAAAAADgAAAEAAAAAAAAAAAAAGAAAQAAAAAAAAAAAAAAAAAAAAIAAAAAAAAAAAAAAAAAAAAQAAAAAAAAABAAAAAAAAAACAAAAAAAAAAIAAAAAAAAAA== --startup-read-main-dll --metrics-shmem-handle=1708,i,14306215562138918628,10285267180219882605,262144 --field-trial-handle=1824,i,2975704443613268809,12218895480713543864,262144 --enable-features=msEdgeFluentOverlayScrollbar --disable-features=msSmartScreenProtection --variations-seed-version --trace-process-track-uuid=3190708988185955192 --mojo-platform-channel-handle=1836 /prefetch:2 /pfhostedapp:2231bba5f24984b1dc6297f1c147235bd88ecd3c"
9928,ipf_helper.exe,NO,14241,C:\WINDOWS\System32\DriverStore\FileRepository\ipf_cpu.inf_amd64_fe2967a6eb0d3a7d\ipf_helper.exe
10124,PowerToys.CropAndLock.exe,NO,14230,C:\Users\amrit\AppData\Local\PowerToys\PowerToys.CropAndLock.exe 6924
10176,python3.11.exe,NO,0,C:\Users\amrit\AppData\Local\Microsoft\WindowsApps\PythonSoftwareFoundation.Python.3.11_qbz5n2kfra8p0\python.exe .\PROCESS_MONITOR.py
10260,PowerToys.FancyZones.exe,NO,14230,C:\Users\amrit\AppData\Local\PowerToys\PowerToys.FancyZones.exe 6924
10464,crashpad_handler.exe,NO,14096,"C:\Program Files\WindowsApps\SpotifyAB.SpotifyMusic_1.279.427.0_x64__zpdnekdrzrea0\crashpad_handler.exe --database=C:\Users\amrit\AppData\Local\Packages\SpotifyAB.SpotifyMusic_zpdnekdrzrea0\LocalCache\Spotify\Launcher\Crashpad --metrics-dir=C:\Users\amrit\AppData\Local\Packages\SpotifyAB.SpotifyMusic_zpdnekdrzrea0\LocalCache\Spotify\Launcher\Crashpad --url=https://crashdump.spotify.com:443 --annotation=app_variant=appx --annotation=format=minidump --annotation=platform=win64 --annotation=product=spotify --annotation=ptype=desktop_launcher --annotation=version=1.2.79.427 --initial-client-data=0x438,0x43c,0x440,0x414,0x444,0x7ff7cd57e2e8,0x7ff7cd57e2f8,0x7ff7cd57e308"
10704,AggregatorHost.exe,NO,840416,
10984,msedgewebview2.exe,NO,14176,"C:\Program Files (x86)\Microsoft\EdgeWebView\Application\143.0.3650.96\msedgewebview2.exe --type=renderer --noerrdialogs --user-data-dir=C:\Users\amrit\AppData\Local\Packages\MicrosoftWindows.Client.WebExperience_cw5n1h2txyewy\LocalState\EBWebView --webview-exe-name=Widgets.exe --webview-exe-version=525.31002.10.0 --embedded-browser-webview=1 --dma-cps-flags=0 --no-pre-read-main-dll --video-capture-use-gpu-memory-buffer --lang=en-US --device-scale-factor=1.25 --num-raster-threads=4 --enable-main-frame-before-activation --renderer-client-id=5 --js-flags=--expose-gc --ms-user-locale=en_IN --time-ticks-at-unix-epoch=-1766156539191930 --launch-time-ticks=826336881955 --ssd-no-pressure-read-main-dll --metrics-shmem-handle=3904,i,3698634204373873929,11227779844431732415,2097152 --field-trial-handle=1844,i,867478164738389075,17903443401632261516,262144 --variations-seed-version --trace-process-track-uuid=3190708990997080739 --mojo-platform-channel-handle=3192 /pfhostedapp:2bcbf2f32a07b68bae1a2519007a858095f78c5c /prefetch:1"
11048,Code.exe,NO,5832,"C:\Users\amrit\AppData\Local\Programs\Microsoft VS Code\Code.exe --type=utility --utility-sub-type=node.mojom.NodeService --lang=en-US --service-sandbox-type=none --video-capture-use-gpu-memory-buffer --user-data-dir=C:\Users\amrit\AppData\Roaming\Code --standard-schemes=vscode-webview,vscode-file --enable-sandbox --secure-schemes=vscode-webview,vscode-file --cors-schemes=vscode-webview,vscode-file --fetch-schemes=vscode-webview,vscode-file --service-worker-schemes=vscode-webview --code-cache-schemes=vscode-webview,vscode-file --field-trial-handle=1732,i,1584880606869840513,11434363106891365890,262144 --enable-features=DocumentPolicyIncludeJSCallStacksInCrashReports,EarlyEstablishGpuChannel,EnableTransparentHwndEnlargement,EstablishGpuChannelAsync --disable-features=CalculateNativeWinOcclusion,LocalNetworkAccessChecks,ScreenAIOCREnabled,SpareRendererForSitePerProcess,TraceSiteInstanceGetProcessCreation --variations-seed-version --trace-process-track-uuid=3190708993808206286 --mojo-platform-channel-handle=3960 /prefetch:14"
11296,XMouseButtonControl.exe,NO,14185,C:\Program Files\Highresolution Enterprises\X-Mouse Button Control\XMouseButtonControl.exe /notportable /delay
11372,MKCHelper.exe,NO,14234,C:\Program Files\Microsoft Mouse and Keyboard Center\MKCHelper.exe
11592,NisSrv.exe,NO,840414,
11700,SpotifyLauncher.exe,NO,14096,C:\Program Files\WindowsApps\SpotifyAB.SpotifyMusic_1.279.427.0_x64__zpdnekdrzrea0\SpotifyLauncher.exe
11768,QSHelper.exe,NO,14234,C:\ProgramData\Lenovo\Vantage\AddinData\LenovoBatteryGaugeAddin\x64\QSHelper.exe ShowBatteryGauge
11792,WidgetService.exe,NO,14238,C:\Program Files\WindowsApps\Microsoft.WidgetsPlatformRuntime_1.6.14.0_x64__8wekyb3d8bbwe\WidgetService\WidgetService.exe -RegisterProcessAsComServer -Embedding
11796,fontdrvhost.exe,NO,50188,
11864,Widgets.exe,NO,14238,C:\Program Files\WindowsApps\MicrosoftWindows.Client.WebExperience_525.31002.150.0_x64__cw5n1h2txyewy\Dashboard\Widgets.exe -ServerName:Microsoft.Windows.DashboardServer
12460,unsecapp.exe,NO,14240,C:\WINDOWS\system32\wbem\unsecapp.exe -Embedding
13048,Code.exe,NO,5833,"C:\Users\amrit\AppData\Local\Programs\Microsoft VS Code\Code.exe --type=utility --utility-sub-type=node.mojom.NodeService --lang=en-US --service-sandbox-type=none --dns-result-order=ipv4first --experimental-network-inspection --inspect-port=0 --video-capture-use-gpu-memory-buffer --user-data-dir=C:\Users\amrit\AppData\Roaming\Code --standard-schemes=vscode-webview,vscode-file --enable-sandbox --secure-schemes=vscode-webview,vscode-file --cors-schemes=vscode-webview,vscode-file --fetch-schemes=vscode-webview,vscode-file --service-worker-schemes=vscode-webview --code-cache-schemes=vscode-webview,vscode-file --field-trial-handle=1732,i,1584880606869840513,11434363106891365890,262144 --enable-features=DocumentPolicyIncludeJSCallStacksInCrashReports,EarlyEstablishGpuChannel,EnableTransparentHwndEnlargement,EstablishGpuChannelAsync --disable-features=CalculateNativeWinOcclusion,LocalNetworkAccessChecks,ScreenAIOCREnabled,SpareRendererForSitePerProcess,TraceSiteInstanceGetProcessCreation --variations-seed-version --trace-process-track-uuid=3190708991934122588 --mojo-platform-channel-handle=3760 /prefetch:14"
13132,PowerToys.PowerOCR.exe,NO,14226,C:\Users\amrit\AppData\Local\PowerToys\PowerToys.PowerOCR.exe 6924
13136,LenovoVantage-(LenovoGamingSystemAddin).exe,NO,840371,
13212,AppActions.exe,NO,13640,C:\WINDOWS\SystemApps\MicrosoftWindows.Client.CBS_cw5n1h2txyewy\AppActions.exe -Embedding
13336,conhost.exe,NO,840349,
13396,msedgewebview2.exe,NO,14176,C:\Program Files (x86)\Microsoft\EdgeWebView\Application\143.0.3650.96\msedgewebview2.exe --embedded-browser-webview=1 --webview-exe-name=Widgets.exe --webview-exe-version=525.31002.10.0 --user-data-dir=C:\Users\amrit\AppData\Local\Packages\MicrosoftWindows.Client.WebExperience_cw5n1h2txyewy\LocalState\EBWebView --noerrdialogs --disk-cache-size=52428800 --edge-webview-is-background --lang=en-US --mojo-named-platform-channel-pipe=11864.23416.17808932129993649711 /pfhostedapp:2bcbf2f32a07b68bae1a2519007a858095f78c5c
13468,RuntimeBroker.exe,NO,14117,C:\Windows\System32\RuntimeBroker.exe -Embedding
13736,conhost.exe,NO,5829,\\?\C:\WINDOWS\system32\conhost.exe --headless --width 80 --height 30 --signal 0x6b4 --server 0x458
13756,NahimicSvc64.exe,NO,14237,C:\WINDOWS\system32\.\NahimicSvc64.exe /start all /product A-Volute.Nahimic /location C:\ProgramData\A-Volute\A-Volute.Nahimic\Modules\Scheduled\x64
14828,unsecapp.exe,NO,14238,C:\WINDOWS\system32\wbem\unsecapp.exe -Embedding
15236,powershell.exe,NO,5829,"C:\WINDOWS\System32\WindowsPowerShell\v1.0\powershell.exe -noexit -command try { . ""c:\Users\amrit\AppData\Local\Programs\Microsoft VS Code\resources\app\out\vs\workbench\contrib\terminal\common\scripts\shellIntegration.ps1"" } catch {}"
15344,taskhostw.exe,NO,14241,taskhostw.exe {222A245B-E637-4AE9-A93F-A59CA119A75E}
15416,Code.exe,NO,5834,"C:\Users\amrit\AppData\Local\Programs\Microsoft VS Code\Code.exe --type=crashpad-handler --user-data-dir=C:\Users\amrit\AppData\Roaming\Code /prefetch:4 --no-rate-limit --monitor-self-annotation=ptype=crashpad-handler --database=C:\Users\amrit\AppData\Roaming\Code\Crashpad --url=appcenter://code?aid=a4e3233c-699c-46ec-b4f4-9c2a77254662&uid=75b0e172-8a45-479d-b3cf-b8df1a672c11&iid=75b0e172-8a45-479d-b3cf-b8df1a672c11&sid=75b0e172-8a45-479d-b3cf-b8df1a672c11 --annotation=_companyName=Microsoft --annotation=_productName=VSCode --annotation=_version=1.107.1 --annotation=plat=Win64 --annotation=prod=Electron --annotation=ver=39.2.3 --initial-client-data=0x514,0x518,0x51c,0x510,0x520,0x7ff757b681ac,0x7ff757b681b8,0x7ff757b681c8"
15444,CrossDeviceResume.exe,NO,14240,C:\WINDOWS\SystemApps\MicrosoftWindows.Client.CBS_cw5n1h2txyewy\CrossDeviceResume.exe /tileid MicrosoftWindows.Client.CBS_cw5n1h2txyewy!CrossDeviceResumeApp
16036,gamingservicesnet.exe,NO,747720,
16040,python.exe,NO,3,D:\KEYLOGGER DETECTION\venv\Scripts\python.exe .\NETWORK_MONITOR.py
16180,AdobeCollabSync.exe,NO,14178,C:\Program Files\Adobe\Acrobat DC\Acrobat\AdobeCollabSync.exe --type=collab-renderer --proc=3104
16388,msedgewebview2.exe,NO,5055,"C:\Program Files (x86)\Microsoft\EdgeWebView\Application\143.0.3650.96\msedgewebview2.exe --type=utility --utility-sub-type=network.mojom.NetworkService --lang=en-GB --service-sandbox-type=none --noerrdialogs --user-data-dir=C:\Users\amrit\AppData\Local\Packages\MSTeams_8wekyb3d8bbwe\LocalCache\Microsoft\MSTeams\EBWebView --webview-exe-name=ms-teams.exe --webview-exe-version=25332.1210.4188.1171 --embedded-browser-webview=1 --embedded-browser-webview-dpi-awareness=2 --no-pre-read-main-dll --startup-read-main-dll --metrics-shmem-handle=436,i,4203932375173492626,17189544216569832716,524288 --field-trial-handle=1808,i,10620068729897042011,17580638071235237271,262144 --enable-features=AutofillReplaceCachedWebElementsByRendererIds,DocumentPolicyIncludeJSCallStacksInCrashReports,PartitionedCookies,PreferredAudioOutputDevices,SharedArrayBuffer,ThirdPartyStoragePartitioning,msAbydos,msAbydosGestureSupport,msAbydosHandwritingAttr,msSingleSignOnOSForPrimaryAccountIsShared,msWebView2EnableDraggableRegions,msWebView2SetUserAgentOverrideOnIframes,msWebView2TerminateServiceWorkerWhenIdleIgnoringCdpSessions,msWebView2TextureStream --disable-features=BlockCrossPartitionBlobUrlFetching,BreakoutBoxPreferCaptureTimestampInVideoFrames,msEnhancedTrackingPreventionEnabled,msWebOOUI --variations-seed-version --trace-process-track-uuid=3190708989122997041 --mojo-platform-channel-handle=2060 /prefetch:11 /pfhostedapp:97e8ee9e1184160aacc89282a9161860414555f2"
16584,Code.exe,NO,5834,"C:\Users\amrit\AppData\Local\Programs\Microsoft VS Code\Code.exe --type=gpu-process --user-data-dir=C:\Users\amrit\AppData\Roaming\Code --gpu-preferences=SAAAAAAAAADgAAAEAAAAAAAAAAAAAGAAAQAAAAAAAAAAAAAAAAAAAAIAAAAAAAAAAAAAAAAAAAAQAAAAAAAAABAAAAAAAAAACAAAAAAAAAAIAAAAAAAAAA== --field-trial-handle=1732,i,1584880606869840513,11434363106891365890,262144 --enable-features=DocumentPolicyIncludeJSCallStacksInCrashReports,EarlyEstablishGpuChannel,EnableTransparentHwndEnlargement,EstablishGpuChannelAsync --disable-features=CalculateNativeWinOcclusion,LocalNetworkAccessChecks,ScreenAIOCREnabled,SpareRendererForSitePerProcess,TraceSiteInstanceGetProcessCreation --variations-seed-version --trace-process-track-uuid=3190708988185955192 --mojo-platform-channel-handle=1784 /prefetch:2"
16904,Code.exe,NO,5830,C:\Users\amrit\AppData\Local\Programs\Microsoft VS Code\Code.exe c:\Users\amrit\.vscode\extensions\visualstudioexptteam.intellicode-api-usage-examples-0.2.9\dist\server\server.js --node-ipc --clientProcessId=13048
16940,TextInputHost.exe,YES,14228,C:\WINDOWS\SystemApps\MicrosoftWindows.Client.CBS_cw5n1h2txyewy\TextInputHost.exe -ServerName:InputApp.AppXk0k6mrh4r2q0ct33a9wgbez0x7v9cz5y.mca
17044,Code.exe,NO,5834,"C:\Users\amrit\AppData\Local\Programs\Microsoft VS Code\Code.exe --type=renderer --user-data-dir=C:\Users\amrit\AppData\Roaming\Code --standard-schemes=vscode-webview,vscode-file --enable-sandbox --secure-schemes=vscode-webview,vscode-file --cors-schemes=vscode-webview,vscode-file --fetch-schemes=vscode-webview,vscode-file --service-worker-schemes=vscode-webview --code-cache-schemes=vscode-webview,vscode-file --app-user-model-id=Microsoft.VisualStudioCode --app-path=C:\Users\amrit\AppData\Local\Programs\Microsoft VS Code\resources\app --enable-sandbox --enable-blink-features=HighlightAPI --disable-blink-features=FontMatchingCTMigration,StandardizedBrowserZoom, --video-capture-use-gpu-memory-buffer --lang=en-US --device-scale-factor=1.25 --num-raster-threads=4 --enable-main-frame-before-activation --renderer-client-id=4 --time-ticks-at-unix-epoch=-1766156539191930 --launch-time-ticks=834679282733 --field-trial-handle=1732,i,1584880606869840513,11434363106891365890,262144 --enable-features=DocumentPolicyIncludeJSCallStacksInCrashReports,EarlyEstablishGpuChannel,EnableTransparentHwndEnlargement,EstablishGpuChannelAsync --disable-features=CalculateNativeWinOcclusion,LocalNetworkAccessChecks,ScreenAIOCREnabled,SpareRendererForSitePerProcess,TraceSiteInstanceGetProcessCreation --variations-seed-version --trace-process-track-uuid=3190708990060038890 --mojo-platform-channel-handle=3280 --vscode-window-config=vscode:54d43508-c26d-4d39-a044-7205df0bc530 /prefetch:1"
17056,Code.exe,NO,5828,C:\Users\amrit\AppData\Local\Programs\Microsoft VS Code\Code.exe c:\Users\amrit\.vscode\extensions\ms-python.vscode-pylance-2025.10.4\dist\server.bundle.js --cancellationReceive=file:2b113eb4c13bf4fbe603db2442e1725262b3b40170 --node-ipc --clientProcessId=13048
17208,SSScheduler.exe,NO,14241,C:\Program Files (x86)\McAfee Security Scan\4.2.790\SSScheduler.exe
17652,BraveCrashHandler64.exe,NO,840390,
17856,RuntimeBroker.exe,NO,14200,C:\Windows\System32\RuntimeBroker.exe -Embedding
17920,FnHotkeyCapsLKNumLK.exe,NO,14240,C:\Windows\System32\DriverStore\FileRepository\lenovofnandfunctionkeys.inf_amd64_e40ba436be734fd2\FnHotkeyCapsLKNumLK.exe
17976,PowerToys.PowerLauncher.exe,NO,14227,C:\Users\amrit\AppData\Local\PowerToys\PowerToys.PowerLauncher.exe -powerToysPid 6924 --started-from-runner
18160,BraveCrashHandler.exe,NO,840390,
18552,msedgewebview2.exe,NO,14176,"C:\Program Files (x86)\Microsoft\EdgeWebView\Application\143.0.3650.96\msedgewebview2.exe --type=utility --utility-sub-type=network.mojom.NetworkService --lang=en-US --service-sandbox-type=none --noerrdialogs --user-data-dir=C:\Users\amrit\AppData\Local\Packages\MicrosoftWindows.Client.WebExperience_cw5n1h2txyewy\LocalState\EBWebView --webview-exe-name=Widgets.exe --webview-exe-version=525.31002.10.0 --embedded-browser-webview=1 --no-pre-read-main-dll --startup-read-main-dll --metrics-shmem-handle=2008,i,4038524040046722262,3523513146521048575,524288 --field-trial-handle=1844,i,867478164738389075,17903443401632261516,262144 --variations-seed-version --trace-process-track-uuid=3190708989122997041 --mojo-platform-channel-handle=2096 /prefetch:11 /pfhostedapp:2bcbf2f32a07b68bae1a2519007a858095f78c5c"
18720,SearchIndexer.exe,NO,532468,
18988,msedgewebview2.exe,NO,5047,"C:\Program Files (x86)\Microsoft\EdgeWebView\Application\143.0.3650.96\msedgewebview2.exe --type=utility --utility-sub-type=audio.mojom.AudioService --lang=en-GB --service-sandbox-type=audio --video-capture-use-gpu-memory-buffer --noerrdialogs --user-data-dir=C:\Users\amrit\AppData\Local\Packages\MSTeams_8wekyb3d8bbwe\LocalCache\Microsoft\MSTeams\EBWebView --webview-exe-name=ms-teams.exe --webview-exe-version=25332.1210.4188.1171 --embedded-browser-webview=1 --embedded-browser-webview-dpi-awareness=2 --no-pre-read-main-dll --skip-read-main-dll --metrics-shmem-handle=5920,i,13948798370735290276,14201126874472362614,524288 --field-trial-handle=1808,i,10620068729897042011,17580638071235237271,262144 --enable-features=AutofillReplaceCachedWebElementsByRendererIds,DocumentPolicyIncludeJSCallStacksInCrashReports,PartitionedCookies,PreferredAudioOutputDevices,SharedArrayBuffer,ThirdPartyStoragePartitioning,msAbydos,msAbydosGestureSupport,msAbydosHandwritingAttr,msSingleSignOnOSForPrimaryAccountIsShared,msWebView2EnableDraggableRegions,msWebView2SetUserAgentOverrideOnIframes,msWebView2TerminateServiceWorkerWhenIdleIgnoringCdpSessions,msWebView2TextureStream --disable-features=BlockCrossPartitionBlobUrlFetching,BreakoutBoxPreferCaptureTimestampInVideoFrames,msEnhancedTrackingPreventionEnabled,msWebOOUI --variations-seed-version --trace-process-track-uuid=3190708994745248135 --mojo-platform-channel-handle=4492 /prefetch:12 /pfhostedapp:97e8ee9e1184160aacc89282a9161860414555f2"
19392,sihost.exe,NO,14241,sihost.exe
19572,msedgewebview2.exe,NO,5055,"C:\Program Files (x86)\Microsoft\EdgeWebView\Application\143.0.3650.96\msedgewebview2.exe --type=crashpad-handler --user-data-dir=C:\Users\amrit\AppData\Local\Packages\MSTeams_8wekyb3d8bbwe\LocalCache\Microsoft\MSTeams\EBWebView /prefetch:4 /pfhostedapp:97e8ee9e1184160aacc89282a9161860414555f2 --monitor-self-annotation=ptype=crashpad-handler --database=C:\Users\amrit\AppData\Local\Packages\MSTeams_8wekyb3d8bbwe\LocalCache\Microsoft\MSTeams\EBWebView\Crashpad --metrics-dir=C:\Users\amrit\AppData\Local\Packages\MSTeams_8wekyb3d8bbwe\LocalCache\Microsoft\MSTeams\EBWebView --annotation=IsOfficialBuild=1 --annotation=channel= --annotation=chromium-version=143.0.7499.147 --annotation=exe=C:\Program Files (x86)\Microsoft\EdgeWebView\Application\143.0.3650.96\msedgewebview2.exe --annotation=plat=Win64 --annotation=prod=Edge WebView2 --annotation=ver=143.0.3650.96 --initial-client-data=0x174,0x178,0x17c,0x11c,0x184,0x7ffd776662b8,0x7ffd776662c4,0x7ffd776662d0"
19648,LenovoNow.Task.exe,NO,13941,C:\Program Files (x86)\Lenovo\LenovoNow\x86\LenovoNow.Task.exe $(EventData)
19768,LenovoVantage-(VantageCoreAddin).exe,NO,840374,
20008,WhatsApp.Root.exe,NO,14119,C:\Program Files\WindowsApps\5319275A.WhatsAppDesktop_2.2587.9.0_x64__cv1g1gvanyjgm\WhatsApp.Root.exe
20052,WmiApSrv.exe,NO,4714,
20056,msedgewebview2.exe,NO,14237,"C:\Program Files (x86)\Microsoft\EdgeWebView\Application\143.0.3650.96\msedgewebview2.exe --type=renderer --noerrdialogs --user-agent=Mozilla/5.0 (Windows NT 10.0; Win64; x64; Cortana 1.18.9.23723; 10.0.0.0.26200.7462) AppleWebKit/537.36 (KHTML, like Gecko) Chrome/70.0.3538.102 Safari/537.36 Edge/18.26200 IsWebView2/True (WebView2Version 143.0.3650.96) --user-data-dir=C:\Users\amrit\AppData\Local\Packages\MicrosoftWindows.Client.CBS_cw5n1h2txyewy\LocalState\EBWebView --webview-exe-name=SearchHost.exe --webview-exe-version=2125.30600.0.0 --embedded-browser-webview=1 --dma-cps-flags=0 --no-pre-read-main-dll --video-capture-use-gpu-memory-buffer --lang=en-US --device-scale-factor=1.25 --num-raster-threads=4 --enable-main-frame-before-activation --renderer-client-id=5 --js-flags=--expose-gc --ms-user-locale=en_IN --time-ticks-at-unix-epoch=-1766156539191929 --launch-time-ticks=826275944936 --ssd-no-pressure-read-main-dll --metrics-shmem-handle=3732,i,13687315849340134455,10075846699368782021,2097152 --field-trial-handle=1824,i,2975704443613268809,12218895480713543864,262144 --enable-features=msEdgeFluentOverlayScrollbar --disable-features=msSmartScreenProtection --variations-seed-version --trace-process-track-uuid=3190708990997080739 --mojo-platform-channel-handle=3740 /pfhostedapp:2231bba5f24984b1dc6297f1c147235bd88ecd3c /prefetch:1"
20128,NahimicAPO4Volume.exe,NO,14236,C:\WINDOWS\system32\NahimicAPO4Volume.exe
20220,msedgewebview2.exe,NO,14176,"C:\Program Files (x86)\Microsoft\EdgeWebView\Application\143.0.3650.96\msedgewebview2.exe --type=utility --utility-sub-type=storage.mojom.StorageService --lang=en-US --service-sandbox-type=service --noerrdialogs --user-data-dir=C:\Users\amrit\AppData\Local\Packages\MicrosoftWindows.Client.WebExperience_cw5n1h2txyewy\LocalState\EBWebView --webview-exe-name=Widgets.exe --webview-exe-version=525.31002.10.0 --embedded-browser-webview=1 --no-pre-read-main-dll --startup-read-main-dll --metrics-shmem-handle=2444,i,943912286658788521,11503163691662562452,524288 --field-trial-handle=1844,i,867478164738389075,17903443401632261516,262144 --variations-seed-version --trace-process-track-uuid=3190708990060038890 --mojo-platform-channel-handle=2452 /prefetch:13 /pfhostedapp:2bcbf2f32a07b68bae1a2519007a858095f78c5c"
20252,backgroundTaskHost.exe,NO,11725,C:\WINDOWS\system32\backgroundTaskHost.exe -ServerName:App.AppXapskvk16gk8da8kch5g4qxh42vxccved.mca
20592,msedgewebview2.exe,NO,14176,"C:\Program Files (x86)\Microsoft\EdgeWebView\Application\143.0.3650.96\msedgewebview2.exe --type=gpu-process --noerrdialogs --user-data-dir=C:\Users\amrit\AppData\Local\Packages\MicrosoftWindows.Client.WebExperience_cw5n1h2txyewy\LocalState\EBWebView --webview-exe-name=Widgets.exe --webview-exe-version=525.31002.10.0 --embedded-browser-webview=1 --no-pre-read-main-dll --gpu-preferences=SAAAAAAAAADgAAAEAAAAAAAAAAAAAGAAAQAAAAAAAAAAAAAAAAAAAAIAAAAAAAAAAAAAAAAAAAAQAAAAAAAAABAAAAAAAAAACAAAAAAAAAAIAAAAAAAAAA== --startup-read-main-dll --metrics-shmem-handle=1700,i,13461046227971424136,12800976926404451449,262144 --field-trial-handle=1844,i,867478164738389075,17903443401632261516,262144 --variations-seed-version --trace-process-track-uuid=3190708988185955192 --mojo-platform-channel-handle=1840 /prefetch:2 /pfhostedapp:2bcbf2f32a07b68bae1a2519007a858095f78c5c"
20688,SecurityHealthService.exe,NO,840362,
20728,ipoint.exe,YES,14241,c:\Program Files\Microsoft Mouse and Keyboard Center\ipoint.exe
20828,ctfmon.exe,NO,14241,/QuitInfo:00000000000003AC;00000000000003CC;
20892,msedgewebview2.exe,NO,14237,"C:\Program Files (x86)\Microsoft\EdgeWebView\Application\143.0.3650.96\msedgewebview2.exe --embedded-browser-webview=1 --webview-exe-name=SearchHost.exe --webview-exe-version=2125.30600.0.0 --user-data-dir=C:\Users\amrit\AppData\Local\Packages\MicrosoftWindows.Client.CBS_cw5n1h2txyewy\LocalState\EBWebView --noerrdialogs --disable-features=msSmartScreenProtection --edge-webview-enable-mojo-ipcz --enable-features=msEdgeFluentOverlayScrollbar --user-agent=Mozilla/5.0 (Windows NT 10.0; Win64; x64; Cortana 1.18.9.23723; 10.0.0.0.26200.7462) AppleWebKit/537.36 (KHTML, like Gecko) Chrome/70.0.3538.102 Safari/537.36 Edge/18.26200 IsWebView2/True (WebView2Version 143.0.3650.96) --lang=en-US --mojo-named-platform-channel-pipe=3632.23668.15346022376014396761 /pfhostedapp:2231bba5f24984b1dc6297f1c147235bd88ecd3c"
20928,python3.11.exe,NO,118,C:\Users\amrit\AppData\Local\Microsoft\WindowsApps\PythonSoftwareFoundation.Python.3.11_qbz5n2kfra8p0\python.exe .\fake_logger.py
21116,RuntimeBroker.exe,NO,3660,C:\Windows\System32\RuntimeBroker.exe -Embedding
21124,NahimicSvc32.exe,NO,14237,C:\WINDOWS\system32\..\SysWOW64\NahimicSvc32.exe /start all /product A-Volute.Nahimic /location C:\ProgramData\A-Volute\A-Volute.Nahimic\Modules\Scheduled
21284,msedgewebview2.exe,NO,5055,"C:\Program Files (x86)\Microsoft\EdgeWebView\Application\143.0.3650.96\msedgewebview2.exe --type=gpu-process --gpu-watchdog-timeout-seconds=60 --noerrdialogs --user-data-dir=C:\Users\amrit\AppData\Local\Packages\MSTeams_8wekyb3d8bbwe\LocalCache\Microsoft\MSTeams\EBWebView --webview-exe-name=ms-teams.exe --webview-exe-version=25332.1210.4188.1171 --embedded-browser-webview=1 --embedded-browser-webview-dpi-awareness=2 --no-pre-read-main-dll --gpu-preferences=SAAAAAAAAADgAAAEAAAAAAAAAAAAAGAAAQAAAAAAAAAAAAAAAAAAAAIAAAAAAAAAAAAAAAAAAAAQAAAAAAAAABAAAAAAAAAACAAAAAAAAAAIAAAAAAAAAA== --startup-read-main-dll --metrics-shmem-handle=1696,i,2455227291051729903,4213746005285791300,262144 --field-trial-handle=1808,i,10620068729897042011,17580638071235237271,262144 --enable-features=AutofillReplaceCachedWebElementsByRendererIds,DocumentPolicyIncludeJSCallStacksInCrashReports,PartitionedCookies,PreferredAudioOutputDevices,SharedArrayBuffer,ThirdPartyStoragePartitioning,msAbydos,msAbydosGestureSupport,msAbydosHandwritingAttr,msSingleSignOnOSForPrimaryAccountIsShared,msWebView2EnableDraggableRegions,msWebView2SetUserAgentOverrideOnIframes,msWebView2TerminateServiceWorkerWhenIdleIgnoringCdpSessions,msWebView2TextureStream --disable-features=BlockCrossPartitionBlobUrlFetching,BreakoutBoxPreferCaptureTimestampInVideoFrames,msEnhancedTrackingPreventionEnabled,msWebOOUI --variations-seed-version --trace-process-track-uuid=3190708988185955192 --mojo-platform-channel-handle=1800 /prefetch:2 /pfhostedapp:97e8ee9e1184160aacc89282a9161860414555f2"
21628,msedgewebview2.exe,NO,14115,"C:\Program Files (x86)\Microsoft\EdgeWebView\Application\143.0.3650.96\msedgewebview2.exe --type=renderer --noerrdialogs --user-data-dir=C:\Users\amrit\AppData\Local\Packages\5319275A.WhatsAppDesktop_cv1g1gvanyjgm\LocalCache\EBWebView --webview-exe-name=WhatsApp.Root.exe --webview-exe-version=1.0.0 --embedded-browser-webview=1 --dma-cps-flags=0 --no-pre-read-main-dll --disable-gpu-compositing --video-capture-use-gpu-memory-buffer --lang=en-US --device-scale-factor=1.25 --num-raster-threads=4 --enable-main-frame-before-activation --renderer-client-id=8 --js-flags=--expose-gc --ms-user-locale=en_IN --time-ticks-at-unix-epoch=-1766156539191930 --launch-time-ticks=826397847729 --skip-read-main-dll --metrics-shmem-handle=4864,i,11879673352668148404,16394584790379714033,2097152 --field-trial-handle=1840,i,16185872285128811691,15803420329604956723,262144 --variations-seed-version --trace-process-track-uuid=3190708993808206286 --mojo-platform-channel-handle=4840 /pfhostedapp:5061d277ac23809ef3dc19f510638a18e75f2eb2 /prefetch:1"
21776,nvcontainer.exe,NO,50185,
21816,conhost.exe,NO,138,\\?\C:\WINDOWS\system32\conhost.exe --headless --width 207 --height 12 --signal 0x9f0 --server 0x9f8
22060,msedgewebview2.exe,NO,14117,"C:\Program Files (x86)\Microsoft\EdgeWebView\Application\143.0.3650.96\msedgewebview2.exe --type=gpu-process --noerrdialogs --user-data-dir=C:\Users\amrit\AppData\Local\Packages\5319275A.WhatsAppDesktop_cv1g1gvanyjgm\LocalCache\EBWebView --webview-exe-name=WhatsApp.Root.exe --webview-exe-version=1.0.0 --embedded-browser-webview=1 --no-pre-read-main-dll --gpu-preferences=SAAAAAAAAADgAAAEAAAAAAAAAAAAAGAAAAAAAAAAAAAAAAAAAAAAAAIAAAAAAAAAAAAAAAAAAAAQAAAAAAAAABAAAAAAAAAACAAAAAAAAAAIAAAAAAAAAA== --use-gl=angle --use-angle=swiftshader-webgl --startup-read-main-dll --metrics-shmem-handle=1716,i,1647420137425287865,9609897645798433188,262144 --field-trial-handle=1840,i,16185872285128811691,15803420329604956723,262144 --variations-seed-version --trace-process-track-uuid=3190708988185955192 --mojo-platform-channel-handle=1836 /prefetch:2 /pfhostedapp:5061d277ac23809ef3dc19f510638a18e75f2eb2"
22068,SecurityHealthSystray.exe,NO,14206,C:\Windows\System32\SecurityHealthSystray.exe
22156,PowerToys.AlwaysOnTop.exe,NO,14230,C:\Users\amrit\AppData\Local\PowerToys\PowerToys.AlwaysOnTop.exe 6924
22212,gamingservices.exe,NO,747720,
22740,ShellExperienceHost.exe,NO,3660,C:\WINDOWS\SystemApps\ShellExperienceHost_cw5n1h2txyewy\ShellExperienceHost.exe -ServerName:App.AppXtk181tbxbce2qsex02s8tw7hfxa9xb3t.mca
22948,dwm.exe,NO,50188,
22988,msedgewebview2.exe,NO,14117,"C:\Program Files (x86)\Microsoft\EdgeWebView\Application\143.0.3650.96\msedgewebview2.exe --type=crashpad-handler --user-data-dir=C:\Users\amrit\AppData\Local\Packages\5319275A.WhatsAppDesktop_cv1g1gvanyjgm\LocalCache\EBWebView /prefetch:4 /pfhostedapp:5061d277ac23809ef3dc19f510638a18e75f2eb2 --monitor-self-annotation=ptype=crashpad-handler --database=C:\Users\amrit\AppData\Local\Packages\5319275A.WhatsAppDesktop_cv1g1gvanyjgm\LocalCache\EBWebView\Crashpad --metrics-dir=C:\Users\amrit\AppData\Local\Packages\5319275A.WhatsAppDesktop_cv1g1gvanyjgm\LocalCache\EBWebView --annotation=IsOfficialBuild=1 --annotation=channel= --annotation=chromium-version=143.0.7499.147 --annotation=exe=C:\Program Files (x86)\Microsoft\EdgeWebView\Application\143.0.3650.96\msedgewebview2.exe --annotation=plat=Win64 --annotation=prod=Edge WebView2 --annotation=ver=143.0.3650.96 --initial-client-data=0x174,0x178,0x17c,0x150,0x184,0x7ffd776662b8,0x7ffd776662c4,0x7ffd776662d0"
23088,RuntimeBroker.exe,NO,14136,C:\Windows\System32\RuntimeBroker.exe -Embedding
23244,backgroundTaskHost.exe,NO,1164,C:\WINDOWS\system32\backgroundTaskHost.exe -ServerName:App.AppXapskvk16gk8da8kch5g4qxh42vxccved.mca
23448,McUpdaterModule.exe,NO,14241,C:\Program Files (x86)\McAfee Security Scan\4.2.790\McUpdaterModule.exe
23768,conhost.exe,NO,97,\\?\C:\WINDOWS\system32\conhost.exe --headless --width 201 --height 12 --signal 0x63c --server 0x5f8
23976,conhost.exe,NO,115,\\?\C:\WINDOWS\system32\conhost.exe --headless --width 201 --height 12 --signal 0x8f4 --server 0x604
24052,WindowsPackageManagerServer.exe,NO,14229,C:\Program Files\WindowsApps\Microsoft.DesktopAppInstaller_1.27.350.0_x64__8wekyb3d8bbwe\WindowsPackageManagerServer.exe -Embedding
24056,backgroundTaskHost.exe,NO,6530,C:\WINDOWS\system32\backgroundTaskHost.exe -ServerName:App.AppXapskvk16gk8da8kch5g4qxh42vxccved.mca
24336,Copilot.exe,NO,14146,C:\Program Files\WindowsApps\Microsoft.Copilot_1.25121.60.0_x64__8wekyb3d8bbwe\Copilot.exe
24568,PhoneExperienceHost.exe,NO,14231,C:\Program Files\WindowsApps\Microsoft.YourPhone_1.25112.36.0_x64__8wekyb3d8bbwe\PhoneExperienceHost.exe -ComServer:Background -Embedding
24692,SDXHelper.exe,NO,13,C:\Program Files\Microsoft Office\Root\Office16\SDXHelper.exe -Embedding
24712,conhost.exe,NO,5830,\??\C:\WINDOWS\system32\conhost.exe 0x4
24776,FnHotkeyUtility.exe,NO,14240,C:\Windows\System32\DriverStore\FileRepository\lenovofnandfunctionkeys.inf_amd64_e40ba436be734fd2\FnHotkeyUtility.exe
24796,msedgewebview2.exe,NO,14117,"C:\Program Files (x86)\Microsoft\EdgeWebView\Application\143.0.3650.96\msedgewebview2.exe --type=utility --utility-sub-type=network.mojom.NetworkService --lang=en-US --service-sandbox-type=none --noerrdialogs --user-data-dir=C:\Users\amrit\AppData\Local\Packages\5319275A.WhatsAppDesktop_cv1g1gvanyjgm\LocalCache\EBWebView --webview-exe-name=WhatsApp.Root.exe --webview-exe-version=1.0.0 --embedded-browser-webview=1 --no-pre-read-main-dll --startup-read-main-dll --metrics-shmem-handle=1964,i,6528275522253773760,13462857205930056465,524288 --field-trial-handle=1840,i,16185872285128811691,15803420329604956723,262144 --variations-seed-version --trace-process-track-uuid=3190708989122997041 --mojo-platform-channel-handle=416 /prefetch:11 /pfhostedapp:5061d277ac23809ef3dc19f510638a18e75f2eb2"
24888,crashpad_handler.exe,NO,13946,"C:\Program Files\WindowsApps\SpotifyAB.SpotifyMusic_1.279.427.0_x64__zpdnekdrzrea0\crashpad_handler.exe --database=C:\Users\amrit\AppData\Local\Packages\SpotifyAB.SpotifyMusic_zpdnekdrzrea0\LocalCache\Spotify\DashboardWidget\Crashpad --metrics-dir=C:\Users\amrit\AppData\Local\Packages\SpotifyAB.SpotifyMusic_zpdnekdrzrea0\LocalCache\Spotify\DashboardWidget\Crashpad --url=https://crashdump.spotify.com:443 --annotation=app_variant=appx --annotation=format=minidump --annotation=platform=win64 --annotation=product=spotify --annotation=ptype=widget_provider --annotation=version=1.2.79.427 --initial-client-data=0x3d0,0x36c,0x368,0x3dc,0x3d8,0x7ff6b6f59390,0x7ff6b6f593a0,0x7ff6b6f593b0"
24968,SystemSettings.exe,YES,13796,C:\Windows\ImmersiveControlPanel\SystemSettings.exe -ServerName:microsoft.windows.immersivecontrolpanel
25792,nvcontainer.exe,NO,14241,C:\Program Files\NVIDIA Corporation\NvContainer\nvcontainer.exe -f C:\ProgramData\NVIDIA Corporation\NVIDIA App\NvContainer\NvContainerUser%dSPUser.log -d C:\Program Files\NVIDIA Corporation\NvContainer\plugins\SPUser -r -l 3 -p 30000 -st C:\Program Files\NVIDIA Corporation\NvContainer\NvContainerTelemetryApi.dll -c
25972,StartMenuExperienceHost.exe,NO,14238,C:\WINDOWS\SystemApps\Microsoft.Windows.StartMenuExperienceHost_cw5n1h2txyewy\StartMenuExperienceHost.exe -ServerName:FullTrustApp.AppXykjsye98af63ez2annt9djke8trg8stn.mca
26404,Lenovo.Modern.ImController.PluginHost.Device.exe,NO,13883,-name e0a4ea10-2896-4731-88a3-af80d9155111 -runas -pluginName LenovoDeviceMetricsPlugin -pluginVersion 3.0.2.0
26532,uihost.exe,NO,14239,C:\Program Files\McAfee\WebAdvisor\UIHost.exe
26556,PresentMonService.exe,NO,355761,
26568,warp-svc.exe,NO,329808,
26756,PowerToys.Peek.UI.exe,NO,14228,C:\Users\amrit\AppData\Local\PowerToys\WinUI3Apps\PowerToys.Peek.UI.exe 6924
26788,msedgewebview2.exe,NO,14237,"C:\Program Files (x86)\Microsoft\EdgeWebView\Application\143.0.3650.96\msedgewebview2.exe --type=utility --utility-sub-type=storage.mojom.StorageService --lang=en-US --service-sandbox-type=service --noerrdialogs --user-agent=Mozilla/5.0 (Windows NT 10.0; Win64; x64; Cortana 1.18.9.23723; 10.0.0.0.26200.7462) AppleWebKit/537.36 (KHTML, like Gecko) Chrome/70.0.3538.102 Safari/537.36 Edge/18.26200 IsWebView2/True (WebView2Version 143.0.3650.96) --user-data-dir=C:\Users\amrit\AppData\Local\Packages\MicrosoftWindows.Client.CBS_cw5n1h2txyewy\LocalState\EBWebView --webview-exe-name=SearchHost.exe --webview-exe-version=2125.30600.0.0 --embedded-browser-webview=1 --no-pre-read-main-dll --startup-read-main-dll --metrics-shmem-handle=2428,i,15838052217876024229,5981503447892175128,524288 --field-trial-handle=1824,i,2975704443613268809,12218895480713543864,262144 --enable-features=msEdgeFluentOverlayScrollbar --disable-features=msSmartScreenProtection --variations-seed-version --trace-process-track-uuid=3190708990060038890 --mojo-platform-channel-handle=2448 /prefetch:13 /pfhostedapp:2231bba5f24984b1dc6297f1c147235bd88ecd3c"
26880,msedgewebview2.exe,NO,14117,C:\Program Files (x86)\Microsoft\EdgeWebView\Application\143.0.3650.96\msedgewebview2.exe --embedded-browser-webview=1 --webview-exe-name=WhatsApp.Root.exe --webview-exe-version=1.0.0 --user-data-dir=C:\Users\amrit\AppData\Local\Packages\5319275A.WhatsAppDesktop_cv1g1gvanyjgm\LocalCache\EBWebView --noerrdialogs --edge-webview-disable-crash-reporting=1 --embedded-browser-webview-enable-extension --disable-gpu --edge-webview-is-background --mojo-named-platform-channel-pipe=20008.7076.16350931138901858541 /pfhostedapp:5061d277ac23809ef3dc19f510638a18e75f2eb2
27048,powershell.exe,NO,138,"C:\WINDOWS\System32\WindowsPowerShell\v1.0\powershell.exe -noexit -command try { . ""c:\Users\amrit\AppData\Local\Programs\Microsoft VS Code\resources\app\out\vs\workbench\contrib\terminal\common\scripts\shellIntegration.ps1"" } catch {}"
27100,wlanext.exe,NO,140059,
27576,powershell.exe,NO,115,"C:\WINDOWS\System32\WindowsPowerShell\v1.0\powershell.exe -noexit -command try { . ""c:\Users\amrit\AppData\Local\Programs\Microsoft VS Code\resources\app\out\vs\workbench\contrib\terminal\common\scripts\shellIntegration.ps1"" } catch {}"
27632,LenovoVantage-(GenericMessagingAddin).exe,NO,13939,C:\Program Files (x86)\Lenovo\VantageService\4.2511.18.0\LenovoVantage-(GenericMessagingAddin).exe GenericMessagingAddin C:\ProgramData\Lenovo\Vantage\Addins\\GenericMessagingAddin\1.1.0.108\GenericMessagingAddin.dll GenericMessagingAddin.a4feaeb73eab4afbb7c0b0e9bd0f7d7b 7b4e666c-d377-432f-ba86-1cdeb1088ad6 8
27656,Code.exe,NO,5832,"C:\Users\amrit\AppData\Local\Programs\Microsoft VS Code\Code.exe --type=utility --utility-sub-type=node.mojom.NodeService --lang=en-US --service-sandbox-type=none --video-capture-use-gpu-memory-buffer --user-data-dir=C:\Users\amrit\AppData\Roaming\Code --standard-schemes=vscode-webview,vscode-file --enable-sandbox --secure-schemes=vscode-webview,vscode-file --cors-schemes=vscode-webview,vscode-file --fetch-schemes=vscode-webview,vscode-file --service-worker-schemes=vscode-webview --code-cache-schemes=vscode-webview,vscode-file --field-trial-handle=1732,i,1584880606869840513,11434363106891365890,262144 --enable-features=DocumentPolicyIncludeJSCallStacksInCrashReports,EarlyEstablishGpuChannel,EnableTransparentHwndEnlargement,EstablishGpuChannelAsync --disable-features=CalculateNativeWinOcclusion,LocalNetworkAccessChecks,ScreenAIOCREnabled,SpareRendererForSitePerProcess,TraceSiteInstanceGetProcessCreation --variations-seed-version --trace-process-track-uuid=3190708992871164437 --mojo-platform-channel-handle=3920 /prefetch:14"
27712,SnippingTool.exe,NO,8430,C:\Program Files\WindowsApps\Microsoft.ScreenSketch_11.2510.31.0_x64__8wekyb3d8bbwe\SnippingTool\SnippingTool.exe ms-screenclip:///?source=PrintScreen
27984,python.exe,NO,118,D:\KEYLOGGER DETECTION\venv\Scripts\python.exe .\fake_logger.py
27988,msedgewebview2.exe,NO,5055,"C:\Program Files (x86)\Microsoft\EdgeWebView\Application\143.0.3650.96\msedgewebview2.exe --type=utility --utility-sub-type=storage.mojom.StorageService --lang=en-GB --service-sandbox-type=service --noerrdialogs --user-data-dir=C:\Users\amrit\AppData\Local\Packages\MSTeams_8wekyb3d8bbwe\LocalCache\Microsoft\MSTeams\EBWebView --webview-exe-name=ms-teams.exe --webview-exe-version=25332.1210.4188.1171 --embedded-browser-webview=1 --embedded-browser-webview-dpi-awareness=2 --no-pre-read-main-dll --startup-read-main-dll --metrics-shmem-handle=2452,i,9870399903725054932,2753636415080952724,524288 --field-trial-handle=1808,i,10620068729897042011,17580638071235237271,262144 --enable-features=AutofillReplaceCachedWebElementsByRendererIds,DocumentPolicyIncludeJSCallStacksInCrashReports,PartitionedCookies,PreferredAudioOutputDevices,SharedArrayBuffer,ThirdPartyStoragePartitioning,msAbydos,msAbydosGestureSupport,msAbydosHandwritingAttr,msSingleSignOnOSForPrimaryAccountIsShared,msWebView2EnableDraggableRegions,msWebView2SetUserAgentOverrideOnIframes,msWebView2TerminateServiceWorkerWhenIdleIgnoringCdpSessions,msWebView2TextureStream --disable-features=BlockCrossPartitionBlobUrlFetching,BreakoutBoxPreferCaptureTimestampInVideoFrames,msEnhancedTrackingPreventionEnabled,msWebOOUI --variations-seed-version --trace-process-track-uuid=3190708990060038890 --mojo-platform-channel-handle=2464 /prefetch:13 /pfhostedapp:97e8ee9e1184160aacc89282a9161860414555f2"
28072,IntelGraphicsSoftware.Service.exe,NO,355761,
28148,PowerToys.Awake.exe,NO,14230,PowerToys.Awake.exe --use-pt-config --pid 6924
28220,nvcontainer.exe,NO,14241,C:\Program Files\NVIDIA Corporation\NvContainer\nvcontainer.exe -f C:\ProgramData\NVIDIA Corporation\NVIDIA App\NvContainer\NvContainerUser%d.log -d C:\Program Files\NVIDIA Corporation\NvContainer\plugins\User -r -l 3 -p 30000 -c
28420,nahimicNotifSys.exe,NO,14208,C:\Users\amrit\AppData\Local\NhNotifSys\nahimic\nahimicNotifSys.exe /app nahimic /systray
28660,ms-teams.exe,NO,5049,C:\Program Files\WindowsApps\MSTeams_25332.1210.4188.1171_x64__8wekyb3d8bbwe\ms-teams.exe --process_type=native_module --cloud_type=tfw --module_name=SlimCore --native_msg_channel=cf0259c2-e783-446f-a31a-7c1d5ff45441_nm_SlimCore_c --session_id=3bebd440-0a9b-4751-b9f8-c38135fa0290    /prefetch:1
28760,msedgewebview2.exe,NO,14237,"C:\Program Files (x86)\Microsoft\EdgeWebView\Application\143.0.3650.96\msedgewebview2.exe --type=utility --utility-sub-type=network.mojom.NetworkService --lang=en-US --service-sandbox-type=none --noerrdialogs --user-agent=Mozilla/5.0 (Windows NT 10.0; Win64; x64; Cortana 1.18.9.23723; 10.0.0.0.26200.7462) AppleWebKit/537.36 (KHTML, like Gecko) Chrome/70.0.3538.102 Safari/537.36 Edge/18.26200 IsWebView2/True (WebView2Version 143.0.3650.96) --user-data-dir=C:\Users\amrit\AppData\Local\Packages\MicrosoftWindows.Client.CBS_cw5n1h2txyewy\LocalState\EBWebView --webview-exe-name=SearchHost.exe --webview-exe-version=2125.30600.0.0 --embedded-browser-webview=1 --no-pre-read-main-dll --startup-read-main-dll --metrics-shmem-handle=2032,i,13812400843301811336,13545417124567348933,524288 --field-trial-handle=1824,i,2975704443613268809,12218895480713543864,262144 --enable-features=msEdgeFluentOverlayScrollbar --disable-features=msSmartScreenProtection --variations-seed-version --trace-process-track-uuid=3190708989122997041 --mojo-platform-channel-handle=2040 /prefetch:11 /pfhostedapp:2231bba5f24984b1dc6297f1c147235bd88ecd3c"
29028,Code.exe,NO,5834,"C:\Users\amrit\AppData\Local\Programs\Microsoft VS Code\Code.exe --type=utility --utility-sub-type=network.mojom.NetworkService --lang=en-US --service-sandbox-type=none --user-data-dir=C:\Users\amrit\AppData\Roaming\Code --standard-schemes=vscode-webview,vscode-file --enable-sandbox --secure-schemes=vscode-webview,vscode-file --cors-schemes=vscode-webview,vscode-file --fetch-schemes=vscode-webview,vscode-file --service-worker-schemes=vscode-webview --code-cache-schemes=vscode-webview,vscode-file --field-trial-handle=1732,i,1584880606869840513,11434363106891365890,262144 --enable-features=DocumentPolicyIncludeJSCallStacksInCrashReports,EarlyEstablishGpuChannel,EnableTransparentHwndEnlargement,EstablishGpuChannelAsync --disable-features=CalculateNativeWinOcclusion,LocalNetworkAccessChecks,ScreenAIOCREnabled,SpareRendererForSitePerProcess,TraceSiteInstanceGetProcessCreation --variations-seed-version --trace-process-track-uuid=3190708989122997041 --mojo-platform-channel-handle=2136 /prefetch:11"
29188,NVDisplay.Container.exe,NO,50185,
